school_id,gpa_score,language_score,soft_background_score,school_selectivity_score,admission_bar_score,school_heat_score,admit_label
114,100.0,96.34,58.32,67.2,64.75,71.11,1
14,90.66,84.98,78.94,86.65,88.11,83.36,1
111,68.02,99.79,58.59,69.19,65.84,72.03,1
122,81.23,77.61,64.79,62.66,62.25,69.2,1
107,95.4,93.95,71.19,72.43,67.62,73.63,1
40,78.54,68.71,52.71,86.65,82.0,83.36,1
43,93.7,70.79,25.33,78.09,77.19,76.88,0
13,80.66,62.89,66.71,87.79,88.33,84.43,0
114,85.48,73.27,44.15,67.2,64.75,71.11,1
109,94.38,79.3,47.03,70.23,66.41,72.53,0
102,77.79,76.43,57.29,76.06,69.62,75.64,0
77,55.59,79.96,100.0,49.48,55.0,64.65,1
114,84.33,89.13,43.42,67.2,64.75,71.11,1
108,65.14,71.46,55.9,71.31,67.01,73.06,0
57,89.71,68.61,55.15,86.65,88.41,83.36,0
105,80.91,95.87,39.01,73.59,68.26,74.25,0
22,67.16,76.34,96.98,86.65,87.6,83.36,0
16,63.88,97.8,42.07,79.54,84.1,77.82,1
131,67.83,67.5,54.24,60.58,61.11,68.39,1
116,47.41,51.28,61.52,67.2,64.75,71.11,0
42,94.19,59.13,47.51,76.06,69.62,75.64,1
106,60.65,69.74,62.08,72.43,67.62,73.63,1
119,76.52,73.75,99.54,64.41,63.21,69.91,0
109,57.47,60.07,51.81,70.23,66.41,72.53,1
116,59.66,76.61,29.53,67.2,64.75,71.11,1
85,87.57,76.69,38.73,62.66,62.25,69.2,1
130,100.0,75.83,72.65,60.58,61.11,68.39,0
129,59.46,71.31,76.32,60.58,61.11,68.39,0
23,43.53,100.0,54.99,96.2,80.7,94.45,0
125,100.0,62.26,48.16,62.66,62.25,69.2,1
121,71.25,74.43,35.65,62.66,62.25,69.2,0
13,77.57,51.4,66.18,87.79,88.33,84.43,0
112,78.61,71.53,45.23,69.19,65.84,72.03,0
64,57.91,71.07,76.02,81.09,78.03,78.89,0
122,88.14,79.25,56.47,62.66,62.25,69.2,1
47,60.57,64.0,65.71,76.06,81.98,75.64,0
126,72.0,68.45,64.21,60.58,61.11,68.39,1
16,73.04,96.11,39.06,79.54,84.1,77.82,0
129,83.81,95.07,100.0,60.58,61.11,68.39,1
50,57.82,78.54,74.52,69.19,77.8,72.03,1
131,70.12,62.06,74.84,60.58,61.11,68.39,1
77,76.02,91.54,38.97,49.48,55.0,64.65,1
47,66.48,57.85,23.88,76.06,81.98,75.64,0
47,62.52,97.05,21.0,76.06,81.98,75.64,1
121,94.75,58.03,35.22,62.66,62.25,69.2,1
118,83.98,93.67,80.93,64.86,63.46,70.1,1
102,57.79,92.53,66.83,76.06,69.62,75.64,1
13,65.81,81.87,54.99,87.79,88.33,84.43,0
107,71.38,73.1,68.03,72.43,67.62,73.63,1
112,65.4,47.8,69.62,69.19,65.84,72.03,0
84,80.34,64.25,76.52,64.41,63.21,69.91,1
121,77.13,69.19,46.11,62.66,62.25,69.2,0
113,62.38,96.8,55.13,69.19,65.84,72.03,1
61,61.38,60.78,54.06,70.77,77.1,72.79,0
35,64.14,61.58,57.51,79.54,83.93,77.82,0
115,72.88,62.9,75.47,67.2,64.75,71.11,0
125,71.19,48.09,76.68,62.66,62.25,69.2,1
63,100.0,81.34,69.84,70.23,76.12,72.53,1
96,86.84,57.12,74.81,81.09,72.39,78.89,0
130,59.49,70.89,73.89,60.58,61.11,68.39,1
10,43.74,58.18,64.96,82.76,86.58,80.12,0
64,78.17,100.0,46.29,81.09,78.03,78.89,0
128,85.68,61.0,77.34,60.58,61.11,68.39,0
57,96.42,71.81,36.26,86.65,88.41,83.36,1
61,86.06,90.03,80.0,70.77,77.1,72.79,1
102,69.43,61.19,64.19,76.06,69.62,75.64,0
118,100.0,73.79,39.78,64.86,63.46,70.1,1
128,65.7,48.27,72.55,60.58,61.11,68.39,1
43,70.68,87.12,37.5,78.09,77.19,76.88,0
19,86.38,88.4,55.31,90.4,89.97,87.12,0
14,68.28,63.67,67.29,86.65,88.11,83.36,0
84,74.07,63.49,100.0,64.41,63.21,69.91,1
121,14.49,54.15,42.67,62.66,62.25,69.2,0
47,98.68,82.65,61.47,76.06,81.98,75.64,1
118,72.47,84.38,21.53,64.86,63.46,70.1,1
63,50.74,72.66,60.58,70.23,76.12,72.53,0
85,81.69,66.41,29.6,62.66,62.25,69.2,1
117,58.57,63.85,52.61,64.86,63.46,70.1,0
98,70.21,65.18,56.28,78.09,70.74,76.88,0
77,71.21,51.44,32.55,49.48,55.0,64.65,0
115,69.8,97.04,37.9,67.2,64.75,71.11,1
129,69.18,70.99,100.0,60.58,61.11,68.39,1
109,62.49,60.64,100.0,70.23,66.41,72.53,1
131,77.9,44.57,36.94,60.58,61.11,68.39,1
47,69.97,52.94,59.41,76.06,81.98,75.64,0
14,51.58,65.81,75.62,86.65,88.11,83.36,0
108,58.54,66.95,57.59,71.31,67.01,73.06,1
16,60.46,67.66,42.58,79.54,84.1,77.82,0
40,76.38,86.88,50.16,86.65,82.0,83.36,1
40,35.12,65.93,74.32,86.65,82.0,83.36,0
5,90.54,66.94,54.97,91.95,90.72,88.91,0
109,66.12,66.33,78.07,70.23,66.41,72.53,1
130,47.24,73.89,64.51,60.58,61.11,68.39,0
63,76.21,79.75,64.93,70.23,76.12,72.53,0
113,75.59,88.03,39.47,69.19,65.84,72.03,1
113,93.26,100.0,74.88,69.19,65.84,72.03,1
47,75.55,75.26,77.69,76.06,81.98,75.64,1
119,83.59,71.58,92.92,64.41,63.21,69.91,1
126,86.47,63.61,33.01,60.58,61.11,68.39,1
23,67.41,75.34,34.66,96.2,80.7,94.45,0
102,64.84,48.44,88.44,76.06,69.62,75.64,0
64,67.19,67.27,55.5,81.09,78.03,78.89,0
111,100.0,61.73,51.31,69.19,65.84,72.03,0
35,63.2,86.05,57.63,79.54,83.93,77.82,0
96,62.58,89.35,68.09,81.09,72.39,78.89,0
127,73.76,76.43,53.09,60.58,61.11,68.39,0
127,93.44,68.36,40.07,60.58,61.11,68.39,0
114,69.18,65.44,74.41,67.2,64.75,71.11,0
104,100.0,100.0,72.57,73.59,68.26,74.25,0
102,83.78,98.4,49.51,76.06,69.62,75.64,1
103,83.38,68.61,41.2,76.06,69.62,75.64,0
130,68.64,93.37,71.16,60.58,61.11,68.39,1
57,77.9,58.95,50.81,86.65,88.41,83.36,0
107,90.76,56.58,59.59,72.43,67.62,73.63,0
130,81.14,91.49,67.36,60.58,61.11,68.39,1
126,68.55,37.11,94.49,60.58,61.11,68.39,1
5,98.47,97.72,77.58,91.95,90.72,88.91,1
22,91.3,66.22,72.07,86.65,87.6,83.36,0
115,83.94,76.47,47.83,67.2,64.75,71.11,0
104,71.94,87.03,54.5,73.59,68.26,74.25,0
98,100.0,71.85,55.63,78.09,70.74,76.88,1
76,66.82,64.06,65.15,64.41,63.21,69.91,0
23,81.71,88.33,37.81,96.2,80.7,94.45,0
114,100.0,83.72,71.82,67.2,64.75,71.11,1
100,100.0,55.0,44.01,78.09,70.74,76.88,1
84,100.0,74.31,51.19,64.41,63.21,69.91,1
118,62.16,100.0,50.14,64.86,63.46,70.1,0
10,63.6,90.99,42.15,82.76,86.58,80.12,0
43,62.79,61.29,41.61,78.09,77.19,76.88,0
128,58.24,74.43,85.99,60.58,61.11,68.39,1
77,81.65,73.91,49.65,49.48,55.0,64.65,1
57,95.3,75.6,45.86,86.65,88.41,83.36,0
121,90.35,50.3,51.02,62.66,62.25,69.2,0
117,74.1,100.0,52.08,64.86,63.46,70.1,0
1,72.35,77.67,37.71,93.8,90.93,91.21,0
77,100.0,89.12,66.27,49.48,55.0,64.65,1
13,71.14,62.77,50.12,87.79,88.33,84.43,0
47,53.68,76.15,51.68,76.06,81.98,75.64,0
107,65.75,91.1,68.52,72.43,67.62,73.63,1
77,84.96,73.32,77.11,49.48,55.0,64.65,0
77,35.85,58.58,69.28,49.48,55.0,64.65,0
116,83.94,75.05,97.99,67.2,64.75,71.11,0
125,68.15,67.77,59.17,62.66,62.25,69.2,1
22,63.5,74.86,34.48,86.65,87.6,83.36,0
107,88.86,86.67,55.82,72.43,67.62,73.63,1
10,78.92,90.45,71.45,82.76,86.58,80.12,0
100,39.25,69.13,88.31,78.09,70.74,76.88,0
3,79.59,85.89,65.67,90.4,89.9,87.12,0
100,78.14,72.74,52.84,78.09,70.74,76.88,0
64,69.75,55.17,74.52,81.09,78.03,78.89,0
125,64.82,41.97,56.81,62.66,62.25,69.2,1
66,53.53,77.07,41.95,67.2,64.75,71.11,0
50,67.33,76.13,75.39,69.19,77.8,72.03,0
126,70.57,73.61,62.62,60.58,61.11,68.39,1
96,60.45,87.66,58.06,81.09,72.39,78.89,0
76,57.64,97.67,70.98,64.41,63.21,69.91,1
16,74.45,50.46,70.23,79.54,84.1,77.82,0
115,47.69,50.74,49.39,67.2,64.75,71.11,1
57,69.48,57.67,56.93,86.65,88.41,83.36,0
22,87.61,76.49,9.99,86.65,87.6,83.36,0
63,78.27,55.61,51.09,70.23,76.12,72.53,1
116,70.57,51.79,86.99,67.2,64.75,71.11,1
16,80.58,100.0,45.92,79.54,84.1,77.82,1
19,87.72,80.41,61.17,90.4,89.97,87.12,1
108,93.87,60.68,90.2,71.31,67.01,73.06,1
109,85.19,52.31,72.54,70.23,66.41,72.53,0
23,95.6,57.69,77.93,96.2,80.7,94.45,0
85,45.64,87.05,36.35,62.66,62.25,69.2,1
114,85.61,81.77,71.86,67.2,64.75,71.11,0
47,75.3,91.8,90.6,76.06,81.98,75.64,1
102,73.66,44.67,19.21,76.06,69.62,75.64,0
130,83.03,82.86,55.15,60.58,61.11,68.39,1
125,72.26,75.04,64.97,62.66,62.25,69.2,1
130,72.44,76.46,56.89,60.58,61.11,68.39,1
125,72.72,65.67,77.72,62.66,62.25,69.2,1
10,63.14,43.93,68.05,82.76,86.58,80.12,0
115,77.94,80.0,55.69,67.2,64.75,71.11,1
96,93.05,81.81,31.19,81.09,72.39,78.89,0
84,68.22,93.51,36.3,64.41,63.21,69.91,0
22,47.63,81.2,50.25,86.65,87.6,83.36,0
119,84.15,65.1,35.22,64.41,63.21,69.91,0
121,100.0,100.0,71.93,62.66,62.25,69.2,0
66,100.0,70.42,59.44,67.2,64.75,71.11,0
131,80.53,48.21,53.6,60.58,61.11,68.39,0
22,99.21,100.0,62.33,86.65,87.6,83.36,1
100,47.75,50.75,38.74,78.09,70.74,76.88,0
126,79.49,38.28,67.34,60.58,61.11,68.39,0
124,92.79,56.46,72.9,62.66,62.25,69.2,0
19,76.2,66.48,40.79,90.4,89.97,87.12,0
16,74.64,64.44,87.81,79.54,84.1,77.82,1
98,98.79,87.96,73.22,78.09,70.74,76.88,1
77,46.42,74.32,100.0,49.48,55.0,64.65,0
115,68.98,77.25,97.04,67.2,64.75,71.11,0
103,91.01,81.89,58.59,76.06,69.62,75.64,0
106,51.54,82.04,58.71,72.43,67.62,73.63,0
13,80.12,94.97,100.0,87.79,88.33,84.43,1
22,72.8,70.81,43.91,86.65,87.6,83.36,0
77,87.54,86.7,67.07,49.48,55.0,64.65,1
84,75.92,66.8,44.81,64.41,63.21,69.91,1
47,81.83,67.74,32.82,76.06,81.98,75.64,0
5,65.37,80.92,36.85,91.95,90.72,88.91,0
35,52.39,72.04,51.98,79.54,83.93,77.82,0
5,80.45,39.79,51.79,91.95,90.72,88.91,0
5,84.05,70.2,46.28,91.95,90.72,88.91,0
66,69.35,96.6,41.21,67.2,64.75,71.11,1
35,78.46,52.41,58.5,79.54,83.93,77.82,0
120,59.78,77.27,84.27,64.41,63.21,69.91,1
100,72.73,57.37,46.6,78.09,70.74,76.88,1
130,89.43,59.07,54.47,60.58,61.11,68.39,1
105,80.95,77.14,51.35,73.59,68.26,74.25,0
5,80.21,77.84,59.85,91.95,90.72,88.91,0
77,62.5,52.34,80.0,49.48,55.0,64.65,1
115,66.62,100.0,69.4,67.2,64.75,71.11,1
124,74.46,68.95,77.53,62.66,62.25,69.2,0
104,75.33,77.71,67.9,73.59,68.26,74.25,0
129,76.87,92.19,55.75,60.58,61.11,68.39,1
63,86.13,50.98,81.02,70.23,76.12,72.53,1
40,64.2,72.88,45.23,86.65,82.0,83.36,0
102,78.87,52.07,52.17,76.06,69.62,75.64,0
106,69.15,56.96,82.58,72.43,67.62,73.63,1
102,67.53,57.52,100.0,76.06,69.62,75.64,1
130,65.74,85.49,61.16,60.58,61.11,68.39,1
106,94.39,52.21,72.45,72.43,67.62,73.63,1
105,92.88,57.3,58.71,73.59,68.26,74.25,0
66,97.32,64.62,59.97,67.2,64.75,71.11,0
96,70.01,67.26,54.98,81.09,72.39,78.89,0
63,56.44,82.3,51.99,70.23,76.12,72.53,1
112,62.2,88.48,86.1,69.19,65.84,72.03,1
85,82.17,80.57,43.39,62.66,62.25,69.2,1
15,68.36,100.0,71.57,81.91,79.6,79.48,0
23,100.0,47.46,55.89,96.2,80.7,94.45,0
14,64.06,86.76,66.09,86.65,88.11,83.36,1
104,60.04,59.74,51.09,73.59,68.26,74.25,0
85,62.85,59.9,89.89,62.66,62.25,69.2,1
105,56.16,75.82,80.91,73.59,68.26,74.25,1
66,69.61,65.64,62.48,67.2,64.75,71.11,0
126,57.74,72.72,40.98,60.58,61.11,68.39,1
113,62.56,69.15,42.85,69.19,65.84,72.03,0
119,70.5,71.52,74.06,64.41,63.21,69.91,0
114,74.31,86.78,61.4,67.2,64.75,71.11,0
109,73.64,74.82,36.23,70.23,66.41,72.53,1
127,75.09,68.4,64.15,60.58,61.11,68.39,1
22,64.92,75.27,33.25,86.65,87.6,83.36,0
119,72.78,76.61,67.36,64.41,63.21,69.91,1
64,87.96,65.53,35.86,81.09,78.03,78.89,0
126,69.36,62.82,34.85,60.58,61.11,68.39,0
43,100.0,54.69,61.73,78.09,77.19,76.88,1
108,51.32,94.44,65.17,71.31,67.01,73.06,1
85,87.5,36.09,63.02,62.66,62.25,69.2,1
100,62.08,56.14,33.2,78.09,70.74,76.88,0
108,70.48,62.31,40.12,71.31,67.01,73.06,0
114,60.63,70.74,66.22,67.2,64.75,71.11,0
19,90.69,70.62,74.6,90.4,89.97,87.12,0
40,66.83,70.46,64.73,86.65,82.0,83.36,0
43,67.93,71.49,94.69,78.09,77.19,76.88,0
85,61.0,72.28,46.77,62.66,62.25,69.2,1
5,91.11,71.13,98.14,91.95,90.72,88.91,0
104,97.95,76.18,51.81,73.59,68.26,74.25,0
66,81.11,84.17,57.47,67.2,64.75,71.11,1
122,81.98,77.21,81.17,62.66,62.25,69.2,1
64,90.81,81.57,61.95,81.09,78.03,78.89,1
47,80.07,58.83,62.66,76.06,81.98,75.64,0
50,60.76,51.05,66.35,69.19,77.8,72.03,0
131,92.83,74.23,43.12,60.58,61.11,68.39,1
19,57.72,72.26,75.37,90.4,89.97,87.12,0
126,72.05,64.59,47.16,60.58,61.11,68.39,0
14,72.35,81.1,50.09,86.65,88.11,83.36,0
129,96.86,62.6,56.86,60.58,61.11,68.39,1
105,68.54,71.7,70.6,73.59,68.26,74.25,0
63,83.7,67.48,40.18,70.23,76.12,72.53,0
5,53.71,80.74,51.87,91.95,90.72,88.91,0
61,71.74,48.42,74.7,70.77,77.1,72.79,0
96,52.21,92.42,44.37,81.09,72.39,78.89,0
19,96.3,72.39,44.32,90.4,89.97,87.12,0
1,74.51,28.47,30.09,93.8,90.93,91.21,0
102,78.14,63.16,69.9,76.06,69.62,75.64,1
126,62.66,52.49,100.0,60.58,61.11,68.39,1
117,61.55,68.63,52.56,64.86,63.46,70.1,1
42,73.67,44.06,94.37,76.06,69.62,75.64,0
109,100.0,51.7,42.48,70.23,66.41,72.53,1
116,58.66,67.94,54.39,67.2,64.75,71.11,1
117,90.64,54.25,67.3,64.86,63.46,70.1,1
125,51.64,66.45,45.26,62.66,62.25,69.2,1
43,79.44,62.63,84.8,78.09,77.19,76.88,0
96,65.97,67.16,58.54,81.09,72.39,78.89,0
14,94.2,53.54,61.58,86.65,88.11,83.36,0
111,70.12,51.06,21.98,69.19,65.84,72.03,1
40,76.65,77.28,55.88,86.65,82.0,83.36,0
112,68.97,55.55,59.06,69.19,65.84,72.03,0
63,85.31,68.69,100.0,70.23,76.12,72.53,1
128,68.97,79.14,55.88,60.58,61.11,68.39,1
108,76.95,88.1,63.51,71.31,67.01,73.06,1
128,73.48,88.97,73.32,60.58,61.11,68.39,1
121,68.58,60.91,79.45,62.66,62.25,69.2,1
131,53.64,64.38,62.4,60.58,61.11,68.39,0
122,74.32,78.15,70.66,62.66,62.25,69.2,1
102,59.43,84.88,45.55,76.06,69.62,75.64,1
108,56.21,67.66,59.75,71.31,67.01,73.06,0
105,90.06,55.77,89.54,73.59,68.26,74.25,0
57,44.19,71.7,50.99,86.65,88.41,83.36,0
118,76.21,92.51,73.12,64.86,63.46,70.1,1
84,56.35,57.78,72.27,64.41,63.21,69.91,1
129,63.84,86.03,48.46,60.58,61.11,68.39,0
103,61.88,65.5,98.52,76.06,69.62,75.64,0
116,100.0,77.08,39.89,67.2,64.75,71.11,1
85,100.0,81.41,51.44,62.66,62.25,69.2,1
117,83.01,61.85,58.35,64.86,63.46,70.1,1
76,65.32,85.17,64.39,64.41,63.21,69.91,0
112,53.78,85.63,72.14,69.19,65.84,72.03,1
84,75.07,49.41,88.56,64.41,63.21,69.91,0
119,94.8,83.89,59.18,64.41,63.21,69.91,1
122,89.78,69.01,67.52,62.66,62.25,69.2,1
96,77.83,73.93,35.13,81.09,72.39,78.89,1
96,66.69,65.19,62.91,81.09,72.39,78.89,0
109,51.9,66.98,77.41,70.23,66.41,72.53,1
63,82.69,64.03,58.71,70.23,76.12,72.53,0
112,61.49,58.89,59.38,69.19,65.84,72.03,0
130,74.23,63.51,72.26,60.58,61.11,68.39,0
19,79.05,97.57,51.07,90.4,89.97,87.12,0
109,57.95,72.66,42.34,70.23,66.41,72.53,0
109,100.0,100.0,93.07,70.23,66.41,72.53,1
13,94.64,81.22,28.89,87.79,88.33,84.43,0
47,72.86,78.68,42.49,76.06,81.98,75.64,0
107,79.33,36.28,56.32,72.43,67.62,73.63,0
77,75.82,55.47,44.02,49.48,55.0,64.65,1
115,55.74,63.33,41.67,67.2,64.75,71.11,0
1,81.08,76.17,57.55,93.8,90.93,91.21,0
102,55.11,72.8,34.25,76.06,69.62,75.64,1
15,64.13,100.0,87.14,81.91,79.6,79.48,1
125,86.57,74.61,77.92,62.66,62.25,69.2,1
64,76.86,71.86,79.06,81.09,78.03,78.89,0
121,83.7,84.94,69.14,62.66,62.25,69.2,1
35,80.97,90.22,34.68,79.54,83.93,77.82,0
1,86.97,67.14,46.27,93.8,90.93,91.21,1
15,93.02,62.18,50.07,81.91,79.6,79.48,1
84,79.93,54.73,42.59,64.41,63.21,69.91,0
127,61.39,46.11,78.97,60.58,61.11,68.39,1
16,63.86,79.42,83.27,79.54,84.1,77.82,1
84,58.69,78.05,31.24,64.41,63.21,69.91,1
35,77.28,68.61,98.34,79.54,83.93,77.82,0
105,64.78,57.38,48.19,73.59,68.26,74.25,0
43,74.14,66.86,88.79,78.09,77.19,76.88,0
124,56.27,70.53,45.24,62.66,62.25,69.2,0
122,68.12,93.09,65.41,62.66,62.25,69.2,1
128,66.99,60.7,61.25,60.58,61.11,68.39,1
130,70.46,95.91,56.82,60.58,61.11,68.39,1
76,85.35,54.22,35.59,64.41,63.21,69.91,0
109,81.45,62.79,69.79,70.23,66.41,72.53,0
61,42.0,53.67,40.77,70.77,77.1,72.79,0
10,86.94,100.0,56.29,82.76,86.58,80.12,0
122,80.75,57.53,73.96,62.66,62.25,69.2,1
125,88.43,74.84,52.56,62.66,62.25,69.2,0
77,57.45,74.87,51.0,49.48,55.0,64.65,1
118,59.1,66.59,79.51,64.86,63.46,70.1,1
57,67.95,80.99,48.89,86.65,88.41,83.36,0
122,70.83,76.55,60.47,62.66,62.25,69.2,1
129,81.45,83.87,76.99,60.58,61.11,68.39,0
63,72.24,88.86,93.17,70.23,76.12,72.53,1
77,62.64,51.35,81.91,49.48,55.0,64.65,1
14,79.27,69.8,70.59,86.65,88.11,83.36,0
1,85.83,70.7,83.94,93.8,90.93,91.21,1
14,92.09,69.16,49.69,86.65,88.11,83.36,1
124,97.69,52.93,56.22,62.66,62.25,69.2,1
121,56.65,78.97,73.09,62.66,62.25,69.2,1
15,77.57,75.93,55.9,81.91,79.6,79.48,1
115,60.07,86.44,69.54,67.2,64.75,71.11,0
118,99.75,74.88,82.55,64.86,63.46,70.1,1
125,66.32,99.9,48.7,62.66,62.25,69.2,1
106,74.67,68.5,47.91,72.43,67.62,73.63,0
107,82.36,59.59,30.14,72.43,67.62,73.63,1
13,82.72,70.91,96.78,87.79,88.33,84.43,0
124,70.42,61.04,72.19,62.66,62.25,69.2,1
105,100.0,50.65,66.97,73.59,68.26,74.25,0
115,83.32,91.26,69.25,67.2,64.75,71.11,1
14,79.19,66.6,53.39,86.65,88.11,83.36,0
1,87.48,74.13,30.98,93.8,90.93,91.21,0
23,73.85,96.35,78.48,96.2,80.7,94.45,0
50,69.31,73.99,35.06,69.19,77.8,72.03,0
77,100.0,96.61,79.22,49.48,55.0,64.65,1
5,77.39,69.07,61.12,91.95,90.72,88.91,0
121,67.42,61.13,58.44,62.66,62.25,69.2,0
16,100.0,52.49,57.5,79.54,84.1,77.82,1
102,89.07,50.72,55.15,76.06,69.62,75.64,1
125,78.52,63.04,81.7,62.66,62.25,69.2,1
124,94.01,51.2,27.27,62.66,62.25,69.2,0
118,80.37,100.0,27.18,64.86,63.46,70.1,1
106,98.32,73.78,100.0,72.43,67.62,73.63,1
96,63.93,65.6,52.88,81.09,72.39,78.89,1
127,69.15,95.88,82.52,60.58,61.11,68.39,1
128,80.87,68.79,55.36,60.58,61.11,68.39,0
111,89.71,87.19,43.15,69.19,65.84,72.03,1
129,76.79,76.41,65.21,60.58,61.11,68.39,1
5,79.02,98.85,74.91,91.95,90.72,88.91,1
63,100.0,76.59,100.0,70.23,76.12,72.53,1
102,92.95,85.93,62.64,76.06,69.62,75.64,1
85,76.45,55.3,76.26,62.66,62.25,69.2,1
127,100.0,93.32,89.07,60.58,61.11,68.39,1
16,100.0,99.3,63.3,79.54,84.1,77.82,1
117,61.28,76.23,89.32,64.86,63.46,70.1,1
115,66.88,65.68,90.01,67.2,64.75,71.11,1
40,57.38,49.07,74.05,86.65,82.0,83.36,0
103,100.0,53.4,52.28,76.06,69.62,75.64,1
35,91.63,73.3,90.29,79.54,83.93,77.82,1
76,77.68,76.27,19.85,64.41,63.21,69.91,1
127,78.86,46.3,61.86,60.58,61.11,68.39,1
128,39.11,79.25,57.41,60.58,61.11,68.39,0
76,75.87,68.15,44.64,64.41,63.21,69.91,1
126,40.63,82.85,43.81,60.58,61.11,68.39,1
43,70.74,68.21,41.99,78.09,77.19,76.88,0
35,74.73,95.24,59.84,79.54,83.93,77.82,0
124,86.12,81.77,53.38,62.66,62.25,69.2,1
66,94.56,80.32,67.24,67.2,64.75,71.11,1
35,68.22,51.42,77.09,79.54,83.93,77.82,0
84,75.94,76.48,83.76,64.41,63.21,69.91,1
124,76.51,69.16,25.55,62.66,62.25,69.2,0
104,54.08,85.74,81.02,73.59,68.26,74.25,1
131,98.3,63.6,57.13,60.58,61.11,68.39,1
76,65.02,82.03,66.6,64.41,63.21,69.91,0
104,82.59,60.56,34.03,73.59,68.26,74.25,0
43,91.56,73.06,64.01,78.09,77.19,76.88,1
15,80.64,74.12,37.29,81.91,79.6,79.48,1
112,89.02,100.0,54.48,69.19,65.84,72.03,1
112,79.3,64.4,67.82,69.19,65.84,72.03,0
120,78.64,48.65,67.29,64.41,63.21,69.91,0
104,80.54,81.67,44.49,73.59,68.26,74.25,1
3,78.14,75.71,82.73,90.4,89.9,87.12,1
125,60.03,80.44,77.11,62.66,62.25,69.2,1
100,67.81,85.52,63.36,78.09,70.74,76.88,0
22,73.29,47.74,72.18,86.65,87.6,83.36,0
108,79.59,83.77,64.66,71.31,67.01,73.06,0
103,63.79,65.15,71.12,76.06,69.62,75.64,0
109,100.0,67.55,35.5,70.23,66.41,72.53,0
126,74.46,74.15,82.05,60.58,61.11,68.39,1
112,83.03,68.37,100.0,69.19,65.84,72.03,1
64,83.53,55.76,60.46,81.09,78.03,78.89,0
16,71.9,62.7,63.22,79.54,84.1,77.82,0
15,67.03,67.34,52.99,81.91,79.6,79.48,0
104,100.0,65.91,49.09,73.59,68.26,74.25,1
85,82.66,61.39,60.32,62.66,62.25,69.2,1
127,96.1,73.51,43.05,60.58,61.11,68.39,1
130,74.63,82.56,56.78,60.58,61.11,68.39,1
14,48.87,73.93,69.47,86.65,88.11,83.36,0
130,69.66,73.63,59.71,60.58,61.11,68.39,0
106,68.02,72.64,55.0,72.43,67.62,73.63,0
47,77.41,71.0,50.33,76.06,81.98,75.64,0
16,80.17,65.32,45.84,79.54,84.1,77.82,0
103,61.9,62.77,77.74,76.06,69.62,75.64,1
84,98.41,98.0,82.15,64.41,63.21,69.91,1
42,71.28,85.29,100.0,76.06,69.62,75.64,1
112,76.06,73.35,45.84,69.19,65.84,72.03,0
119,63.83,57.69,46.1,64.41,63.21,69.91,0
127,100.0,70.49,41.28,60.58,61.11,68.39,1
112,63.87,62.01,63.09,69.19,65.84,72.03,0
50,76.19,49.42,38.87,69.19,77.8,72.03,0
10,81.6,44.61,36.6,82.76,86.58,80.12,0
61,60.9,69.08,97.33,70.77,77.1,72.79,0
40,60.77,89.76,48.0,86.65,82.0,83.36,0
63,54.61,86.22,40.98,70.23,76.12,72.53,1
50,70.22,51.04,95.21,69.19,77.8,72.03,1
43,55.3,69.53,42.59,78.09,77.19,76.88,0
61,66.17,71.7,82.1,70.77,77.1,72.79,0
40,79.57,39.84,57.89,86.65,82.0,83.36,1
129,98.52,100.0,28.78,60.58,61.11,68.39,1
130,100.0,64.42,27.45,60.58,61.11,68.39,1
114,87.35,75.87,87.61,67.2,64.75,71.11,1
19,96.35,54.01,41.2,90.4,89.97,87.12,0
5,50.83,64.88,94.12,91.95,90.72,88.91,1
1,63.88,62.06,48.27,93.8,90.93,91.21,0
84,61.03,69.73,63.05,64.41,63.21,69.91,0
106,74.71,53.54,90.07,72.43,67.62,73.63,0
76,83.25,75.84,95.77,64.41,63.21,69.91,1
16,75.63,63.01,77.41,79.54,84.1,77.82,1
10,62.29,51.42,85.33,82.76,86.58,80.12,0
103,75.65,66.97,62.66,76.06,69.62,75.64,1
106,85.8,96.48,91.68,72.43,67.62,73.63,1
40,93.03,74.95,24.55,86.65,82.0,83.36,0
23,88.9,74.31,89.07,96.2,80.7,94.45,0
128,100.0,54.36,48.56,60.58,61.11,68.39,1
120,81.66,76.85,64.36,64.41,63.21,69.91,1
35,100.0,90.63,32.97,79.54,83.93,77.82,1
16,92.51,84.21,100.0,79.54,84.1,77.82,1
113,80.78,67.2,87.06,69.19,65.84,72.03,1
85,83.84,67.2,31.56,62.66,62.25,69.2,0
16,90.96,86.25,79.44,79.54,84.1,77.82,1
111,54.95,72.11,35.1,69.19,65.84,72.03,0
131,97.5,97.47,16.82,60.58,61.11,68.39,1
50,71.76,68.04,72.86,69.19,77.8,72.03,1
116,60.43,82.68,42.42,67.2,64.75,71.11,0
120,73.12,83.82,50.07,64.41,63.21,69.91,0
10,60.65,100.0,61.07,82.76,86.58,80.12,0
23,97.74,89.34,60.73,96.2,80.7,94.45,1
102,100.0,59.78,66.07,76.06,69.62,75.64,0
3,98.58,90.49,57.69,90.4,89.9,87.12,0
42,72.91,60.66,41.6,76.06,69.62,75.64,0
129,55.79,75.43,43.12,60.58,61.11,68.39,1
122,62.17,69.46,57.0,62.66,62.25,69.2,0
108,66.59,79.0,87.5,71.31,67.01,73.06,1
129,75.38,57.04,70.4,60.58,61.11,68.39,1
96,91.99,76.12,53.66,81.09,72.39,78.89,0
105,66.66,81.69,97.87,73.59,68.26,74.25,0
103,100.0,64.07,81.34,76.06,69.62,75.64,1
64,61.51,55.22,57.54,81.09,78.03,78.89,0
57,76.75,92.09,49.08,86.65,88.41,83.36,0
108,97.34,85.16,36.2,71.31,67.01,73.06,1
113,68.27,47.72,66.45,69.19,65.84,72.03,1
107,80.97,75.27,43.08,72.43,67.62,73.63,0
96,59.41,41.76,33.55,81.09,72.39,78.89,0
10,66.94,65.19,61.76,82.76,86.58,80.12,0
128,95.68,79.98,64.4,60.58,61.11,68.39,1
117,89.75,68.02,22.07,64.86,63.46,70.1,1
125,79.27,47.84,56.04,62.66,62.25,69.2,0
117,79.45,73.91,79.07,64.86,63.46,70.1,0
128,76.04,91.01,53.67,60.58,61.11,68.39,1
120,74.85,89.08,72.36,64.41,63.21,69.91,1
98,83.67,95.93,100.0,78.09,70.74,76.88,1
124,95.95,88.9,47.74,62.66,62.25,69.2,1
76,92.7,80.4,13.42,64.41,63.21,69.91,1
107,67.42,63.59,71.16,72.43,67.62,73.63,1
42,91.49,63.61,35.18,76.06,69.62,75.64,1
76,75.83,39.37,71.06,64.41,63.21,69.91,0
117,83.33,60.32,60.53,64.86,63.46,70.1,1
106,66.42,76.37,42.31,72.43,67.62,73.63,1
115,78.94,86.85,68.32,67.2,64.75,71.11,1
13,70.29,75.16,82.6,87.79,88.33,84.43,0
42,51.8,64.51,88.75,76.06,69.62,75.64,0
22,78.13,100.0,62.25,86.65,87.6,83.36,1
127,74.52,81.49,58.74,60.58,61.11,68.39,1
115,85.77,68.99,74.33,67.2,64.75,71.11,1
105,92.34,86.31,55.57,73.59,68.26,74.25,1
116,78.65,78.58,60.02,67.2,64.75,71.11,0
129,38.92,59.21,74.72,60.58,61.11,68.39,0
77,89.56,72.17,67.91,49.48,55.0,64.65,1
85,39.99,61.59,47.93,62.66,62.25,69.2,0
115,94.89,74.95,49.98,67.2,64.75,71.11,1
16,83.49,94.43,79.06,79.54,84.1,77.82,1
108,51.11,90.06,88.63,71.31,67.01,73.06,0
76,87.16,85.79,78.24,64.41,63.21,69.91,1
113,98.11,70.65,34.68,69.19,65.84,72.03,1
64,73.24,80.61,77.76,81.09,78.03,78.89,0
102,58.04,45.61,88.15,76.06,69.62,75.64,1
57,77.85,63.61,55.47,86.65,88.41,83.36,1
105,70.37,51.41,33.76,73.59,68.26,74.25,0
5,56.38,64.02,78.35,91.95,90.72,88.91,0
124,85.88,50.88,39.05,62.66,62.25,69.2,1
47,87.65,47.8,49.83,76.06,81.98,75.64,1
109,67.46,48.81,18.27,70.23,66.41,72.53,0
43,73.73,59.14,56.82,78.09,77.19,76.88,0
84,100.0,62.02,61.75,64.41,63.21,69.91,1
128,69.61,94.42,37.41,60.58,61.11,68.39,1
128,64.37,80.08,64.44,60.58,61.11,68.39,1
127,83.9,57.2,46.13,60.58,61.11,68.39,1
115,89.16,81.52,68.08,67.2,64.75,71.11,1
66,86.35,58.33,64.33,67.2,64.75,71.11,1
114,83.94,52.76,54.99,67.2,64.75,71.11,1
109,54.35,46.57,72.49,70.23,66.41,72.53,0
103,47.27,83.52,87.77,76.06,69.62,75.64,0
35,61.03,57.46,71.53,79.54,83.93,77.82,1
84,91.51,64.59,63.69,64.41,63.21,69.91,1
96,81.83,51.86,75.07,81.09,72.39,78.89,0
122,100.0,96.0,71.9,62.66,62.25,69.2,1
115,59.71,76.54,77.66,67.2,64.75,71.11,1
124,57.67,55.31,74.3,62.66,62.25,69.2,0
15,77.41,85.63,61.93,81.91,79.6,79.48,1
121,50.5,86.38,35.08,62.66,62.25,69.2,1
77,84.57,79.81,45.96,49.48,55.0,64.65,1
117,67.43,61.91,65.3,64.86,63.46,70.1,1
108,62.92,66.12,52.24,71.31,67.01,73.06,0
116,85.06,77.94,66.85,67.2,64.75,71.11,1
105,62.68,77.98,56.04,73.59,68.26,74.25,1
14,66.24,77.53,53.73,86.65,88.11,83.36,0
112,86.4,73.47,82.72,69.19,65.84,72.03,1
124,71.12,79.16,54.58,62.66,62.25,69.2,0
61,81.34,94.69,30.19,70.77,77.1,72.79,1
115,71.56,78.78,58.02,67.2,64.75,71.11,1
85,65.24,75.61,85.94,62.66,62.25,69.2,0
108,75.1,81.94,49.52,71.31,67.01,73.06,0
40,59.33,74.28,69.16,86.65,82.0,83.36,0
66,73.25,95.55,47.4,67.2,64.75,71.11,0
109,72.99,86.22,43.18,70.23,66.41,72.53,0
117,93.39,56.34,63.85,64.86,63.46,70.1,0
117,65.41,44.34,43.68,64.86,63.46,70.1,0
61,79.83,88.72,96.83,70.77,77.1,72.79,1
76,76.59,89.21,91.27,64.41,63.21,69.91,1
47,94.15,77.12,49.21,76.06,81.98,75.64,0
22,74.28,62.54,100.0,86.65,87.6,83.36,0
129,89.55,49.24,60.78,60.58,61.11,68.39,0
130,71.62,79.42,59.93,60.58,61.11,68.39,1
106,56.32,75.21,38.44,72.43,67.62,73.63,0
117,75.51,53.64,93.93,64.86,63.46,70.1,1
15,84.61,60.57,80.06,81.91,79.6,79.48,1
103,85.4,66.46,65.63,76.06,69.62,75.64,1
85,100.0,75.54,83.19,62.66,62.25,69.2,1
98,78.73,62.22,83.44,78.09,70.74,76.88,1
129,51.19,57.37,41.72,60.58,61.11,68.39,0
129,60.15,63.75,55.69,60.58,61.11,68.39,0
100,68.41,69.6,44.05,78.09,70.74,76.88,0
76,80.06,70.95,89.09,64.41,63.21,69.91,1
35,46.38,82.17,56.1,79.54,83.93,77.82,0
100,93.22,73.69,52.21,78.09,70.74,76.88,0
109,100.0,51.12,80.1,70.23,66.41,72.53,1
112,66.15,60.59,24.25,69.19,65.84,72.03,0
96,92.82,92.13,88.66,81.09,72.39,78.89,1
42,76.26,76.06,100.0,76.06,69.62,75.64,0
14,100.0,95.43,73.17,86.65,88.11,83.36,0
100,67.8,64.32,60.29,78.09,70.74,76.88,0
103,70.14,40.29,65.45,76.06,69.62,75.64,1
118,54.85,65.1,29.18,64.86,63.46,70.1,0
107,79.28,64.93,73.47,72.43,67.62,73.63,1
77,66.06,74.57,94.16,49.48,55.0,64.65,1
118,74.13,100.0,53.94,64.86,63.46,70.1,1
43,78.11,51.9,72.01,78.09,77.19,76.88,0
115,99.82,58.75,69.21,67.2,64.75,71.11,1
122,78.96,50.34,53.05,62.66,62.25,69.2,1
40,62.53,75.76,48.91,86.65,82.0,83.36,0
57,68.01,53.38,78.14,86.65,88.41,83.36,0
19,80.26,64.76,47.09,90.4,89.97,87.12,0
63,85.46,65.33,52.78,70.23,76.12,72.53,1
107,88.64,60.37,60.19,72.43,67.62,73.63,0
16,94.89,66.22,21.37,79.54,84.1,77.82,1
121,98.18,72.39,36.35,62.66,62.25,69.2,1
63,80.58,66.56,71.16,70.23,76.12,72.53,1
77,50.08,92.77,54.16,49.48,55.0,64.65,1
23,78.11,50.88,47.34,96.2,80.7,94.45,0
118,88.94,64.02,48.14,64.86,63.46,70.1,0
122,69.53,66.27,54.28,62.66,62.25,69.2,0
125,55.84,61.48,44.88,62.66,62.25,69.2,1
84,68.27,76.28,74.68,64.41,63.21,69.91,0
40,63.41,52.84,48.83,86.65,82.0,83.36,0
112,88.29,60.24,67.48,69.19,65.84,72.03,1
1,76.41,72.89,36.91,93.8,90.93,91.21,0
77,74.68,59.07,53.22,49.48,55.0,64.65,1
104,52.82,70.86,47.64,73.59,68.26,74.25,0
15,67.85,69.19,80.12,81.91,79.6,79.48,1
109,66.65,60.64,44.12,70.23,66.41,72.53,0
10,60.24,85.24,95.48,82.76,86.58,80.12,0
14,86.92,49.02,63.12,86.65,88.11,83.36,0
127,66.75,95.3,64.32,60.58,61.11,68.39,0
15,63.15,78.75,85.6,81.91,79.6,79.48,0
35,56.3,63.12,57.25,79.54,83.93,77.82,0
98,49.14,76.72,50.7,78.09,70.74,76.88,0
23,54.48,65.71,93.5,96.2,80.7,94.45,0
96,60.75,71.42,38.97,81.09,72.39,78.89,0
42,60.48,83.4,57.42,76.06,69.62,75.64,1
5,59.78,90.07,55.41,91.95,90.72,88.91,0
63,82.69,68.98,45.73,70.23,76.12,72.53,0
105,100.0,46.45,59.27,73.59,68.26,74.25,0
43,72.54,82.67,51.77,78.09,77.19,76.88,0
104,65.22,80.51,33.52,73.59,68.26,74.25,0
63,97.75,76.34,34.95,70.23,76.12,72.53,0
98,89.51,43.88,76.13,78.09,70.74,76.88,0
112,90.89,60.78,53.95,69.19,65.84,72.03,1
64,84.87,68.33,57.81,81.09,78.03,78.89,0
105,85.57,78.55,60.31,73.59,68.26,74.25,0
108,65.28,64.9,62.49,71.31,67.01,73.06,1
19,63.76,71.19,39.46,90.4,89.97,87.12,0
47,84.14,93.39,71.56,76.06,81.98,75.64,1
116,61.57,77.39,64.04,67.2,64.75,71.11,1
76,84.98,36.03,32.17,64.41,63.21,69.91,0
40,69.78,61.97,56.97,86.65,82.0,83.36,0
22,82.06,94.97,33.52,86.65,87.6,83.36,1
42,72.39,59.67,29.28,76.06,69.62,75.64,0
118,66.29,69.09,54.71,64.86,63.46,70.1,1
23,81.71,73.7,53.28,96.2,80.7,94.45,1
116,62.48,66.09,92.88,67.2,64.75,71.11,1
130,83.29,60.08,79.28,60.58,61.11,68.39,1
112,70.89,60.55,55.72,69.19,65.84,72.03,0
3,100.0,78.38,71.2,90.4,89.9,87.12,1
63,88.29,73.59,100.0,70.23,76.12,72.53,1
131,25.62,100.0,100.0,60.58,61.11,68.39,1
85,70.96,66.45,51.57,62.66,62.25,69.2,0
114,67.35,55.63,40.98,67.2,64.75,71.11,0
19,66.47,72.2,67.47,90.4,89.97,87.12,0
63,61.72,40.27,74.09,70.23,76.12,72.53,0
109,65.01,81.37,50.17,70.23,66.41,72.53,1
64,77.19,62.88,73.5,81.09,78.03,78.89,1
121,75.26,99.08,42.58,62.66,62.25,69.2,0
15,75.19,72.54,82.84,81.91,79.6,79.48,0
43,71.29,64.57,42.31,78.09,77.19,76.88,0
112,53.11,74.24,78.58,69.19,65.84,72.03,1
1,85.69,100.0,38.09,93.8,90.93,91.21,0
42,100.0,83.86,94.02,76.06,69.62,75.64,1
47,70.46,46.69,71.69,76.06,81.98,75.64,0
85,55.37,54.07,39.74,62.66,62.25,69.2,0
100,63.5,40.37,67.87,78.09,70.74,76.88,0
121,86.44,73.63,62.39,62.66,62.25,69.2,0
124,37.27,77.82,40.31,62.66,62.25,69.2,1
106,85.85,60.48,72.02,72.43,67.62,73.63,0
107,68.16,80.23,90.83,72.43,67.62,73.63,0
40,77.5,65.61,67.32,86.65,82.0,83.36,1
119,91.09,56.47,63.34,64.41,63.21,69.91,0
105,78.05,77.98,52.87,73.59,68.26,74.25,1
22,71.69,80.23,83.61,86.65,87.6,83.36,0
100,86.52,84.31,94.76,78.09,70.74,76.88,1
126,51.82,100.0,59.35,60.58,61.11,68.39,1
96,55.27,77.26,95.19,81.09,72.39,78.89,0
42,74.2,78.1,83.89,76.06,69.62,75.64,0
128,63.0,61.87,79.63,60.58,61.11,68.39,0
118,89.07,58.96,40.2,64.86,63.46,70.1,1
63,59.8,98.72,88.03,70.23,76.12,72.53,1
130,51.66,67.19,79.77,60.58,61.11,68.39,0
15,37.86,51.88,50.42,81.91,79.6,79.48,0
119,71.92,65.24,81.99,64.41,63.21,69.91,0
76,90.33,60.84,28.91,64.41,63.21,69.91,0
43,81.75,70.51,32.29,78.09,77.19,76.88,0
96,72.19,84.77,34.18,81.09,72.39,78.89,0
105,76.94,54.61,48.51,73.59,68.26,74.25,0
128,78.65,82.0,43.89,60.58,61.11,68.39,1
103,90.81,79.33,74.57,76.06,69.62,75.64,1
127,53.23,82.72,65.74,60.58,61.11,68.39,1
42,62.84,58.09,50.45,76.06,69.62,75.64,1
22,72.33,73.71,83.13,86.65,87.6,83.36,0
112,70.98,89.45,79.06,69.19,65.84,72.03,1
57,58.93,79.06,74.07,86.65,88.41,83.36,1
125,100.0,92.79,60.82,62.66,62.25,69.2,1
66,100.0,71.98,27.23,67.2,64.75,71.11,0
19,69.42,71.14,62.72,90.4,89.97,87.12,0
63,92.44,60.57,69.43,70.23,76.12,72.53,0
63,69.66,95.03,75.28,70.23,76.12,72.53,1
107,66.64,84.68,84.91,72.43,67.62,73.63,1
42,78.36,51.73,52.0,76.06,69.62,75.64,0
109,73.17,75.76,62.66,70.23,66.41,72.53,0
15,64.68,65.26,63.1,81.91,79.6,79.48,0
114,84.19,50.07,46.4,67.2,64.75,71.11,0
107,64.91,99.9,77.3,72.43,67.62,73.63,1
126,86.77,61.85,31.72,60.58,61.11,68.39,1
43,78.86,89.75,88.05,78.09,77.19,76.88,1
116,68.69,100.0,48.58,67.2,64.75,71.11,1
76,100.0,76.76,52.27,64.41,63.21,69.91,1
125,67.99,85.79,64.04,62.66,62.25,69.2,1
42,67.43,77.84,35.85,76.06,69.62,75.64,0
107,70.03,61.32,43.72,72.43,67.62,73.63,1
112,52.91,51.43,87.63,69.19,65.84,72.03,1
15,65.57,51.43,78.08,81.91,79.6,79.48,1
111,71.18,94.0,43.38,69.19,65.84,72.03,1
109,64.02,73.32,68.91,70.23,66.41,72.53,0
98,64.77,63.3,18.84,78.09,70.74,76.88,0
105,66.97,74.44,73.81,73.59,68.26,74.25,0
76,98.24,90.33,67.32,64.41,63.21,69.91,1
85,60.07,82.75,47.32,62.66,62.25,69.2,0
128,59.45,59.26,75.55,60.58,61.11,68.39,0
22,84.53,62.12,7.51,86.65,87.6,83.36,0
112,89.49,88.98,47.34,69.19,65.84,72.03,0
84,67.48,77.59,39.28,64.41,63.21,69.91,0
96,70.15,97.44,47.5,81.09,72.39,78.89,0
118,92.85,81.71,22.84,64.86,63.46,70.1,1
106,68.42,74.97,53.06,72.43,67.62,73.63,0
13,65.99,52.91,36.24,87.79,88.33,84.43,1
102,63.75,53.17,56.39,76.06,69.62,75.64,0
126,70.65,78.73,49.78,60.58,61.11,68.39,1
114,73.13,74.09,59.84,67.2,64.75,71.11,1
14,76.91,74.29,60.89,86.65,88.11,83.36,0
121,62.57,77.1,81.89,62.66,62.25,69.2,0
50,92.93,73.89,67.28,69.19,77.8,72.03,0
128,88.55,22.35,59.46,60.58,61.11,68.39,1
114,82.13,87.1,61.28,67.2,64.75,71.11,1
102,69.08,59.78,67.06,76.06,69.62,75.64,0
84,67.35,56.37,56.25,64.41,63.21,69.91,0
84,90.16,53.35,40.34,64.41,63.21,69.91,0
129,44.52,83.94,88.05,60.58,61.11,68.39,1
124,63.17,64.95,46.06,62.66,62.25,69.2,0
117,69.77,61.21,43.75,64.86,63.46,70.1,1
100,66.83,55.64,100.0,78.09,70.74,76.88,1
112,58.27,46.27,100.0,69.19,65.84,72.03,1
116,66.89,71.88,43.75,67.2,64.75,71.11,1
61,40.86,77.25,31.8,70.77,77.1,72.79,0
124,48.75,71.46,44.23,62.66,62.25,69.2,1
84,70.55,74.58,71.57,64.41,63.21,69.91,0
113,83.38,62.44,74.19,69.19,65.84,72.03,1
100,71.59,63.16,79.01,78.09,70.74,76.88,0
22,92.96,76.16,57.39,86.65,87.6,83.36,0
1,39.95,66.57,38.77,93.8,90.93,91.21,0
107,73.88,72.23,75.53,72.43,67.62,73.63,1
107,85.12,64.39,50.44,72.43,67.62,73.63,1
107,60.11,78.27,44.93,72.43,67.62,73.63,0
40,74.76,73.81,49.25,86.65,82.0,83.36,0
76,79.06,38.9,71.71,64.41,63.21,69.91,1
111,74.0,84.84,64.86,69.19,65.84,72.03,0
3,53.62,74.96,71.18,90.4,89.9,87.12,0
116,40.13,64.85,73.3,67.2,64.75,71.11,1
121,60.36,83.76,78.37,62.66,62.25,69.2,1
118,71.59,67.95,50.93,64.86,63.46,70.1,0
13,50.53,72.94,50.23,87.79,88.33,84.43,0
126,76.72,83.01,93.4,60.58,61.11,68.39,1
64,53.34,83.76,30.64,81.09,78.03,78.89,0
16,79.91,100.0,88.39,79.54,84.1,77.82,1
84,84.71,70.46,67.54,64.41,63.21,69.91,1
115,63.49,63.19,59.06,67.2,64.75,71.11,1
100,49.73,39.89,92.99,78.09,70.74,76.88,0
14,55.95,51.22,74.96,86.65,88.11,83.36,0
77,74.09,98.7,17.79,49.48,55.0,64.65,1
42,71.48,79.71,65.9,76.06,69.62,75.64,1
116,52.62,74.42,68.97,67.2,64.75,71.11,0
131,89.07,75.39,78.96,60.58,61.11,68.39,1
111,41.2,56.29,48.99,69.19,65.84,72.03,0
16,70.07,76.05,55.2,79.54,84.1,77.82,0
104,44.81,85.12,64.45,73.59,68.26,74.25,1
77,87.62,88.09,45.27,49.48,55.0,64.65,1
19,44.87,82.86,70.95,90.4,89.97,87.12,0
61,71.04,67.5,64.84,70.77,77.1,72.79,0
42,58.32,46.03,39.34,76.06,69.62,75.64,0
47,73.2,86.01,65.11,76.06,81.98,75.64,0
96,100.0,74.26,57.36,81.09,72.39,78.89,1
106,52.92,86.84,76.61,72.43,67.62,73.63,0
96,67.0,77.61,55.03,81.09,72.39,78.89,1
103,68.95,62.22,35.36,76.06,69.62,75.64,0
19,77.61,80.76,44.96,90.4,89.97,87.12,0
114,92.67,70.18,37.33,67.2,64.75,71.11,0
118,87.2,87.69,50.52,64.86,63.46,70.1,1
131,56.34,99.88,34.41,60.58,61.11,68.39,1
5,70.16,63.82,87.0,91.95,90.72,88.91,0
66,73.49,77.35,15.8,67.2,64.75,71.11,1
121,77.46,70.9,42.21,62.66,62.25,69.2,1
10,99.97,87.14,36.07,82.76,86.58,80.12,1
113,74.48,54.83,77.84,69.19,65.84,72.03,0
40,85.05,59.57,91.68,86.65,82.0,83.36,1
57,97.48,90.99,80.84,86.65,88.41,83.36,0
19,58.58,72.56,79.74,90.4,89.97,87.12,0
106,70.09,60.5,43.37,72.43,67.62,73.63,0
111,64.32,54.08,38.99,69.19,65.84,72.03,0
125,68.35,68.92,78.67,62.66,62.25,69.2,1
76,65.49,100.0,62.8,64.41,63.21,69.91,1
116,85.32,83.2,47.74,67.2,64.75,71.11,1
42,69.56,68.47,51.25,76.06,69.62,75.64,1
63,84.73,72.44,60.8,70.23,76.12,72.53,0
64,93.65,100.0,37.47,81.09,78.03,78.89,0
122,81.89,100.0,55.16,62.66,62.25,69.2,1
120,83.21,77.77,54.08,64.41,63.21,69.91,1
112,66.72,57.47,39.52,69.19,65.84,72.03,0
3,96.57,84.64,37.98,90.4,89.9,87.12,0
112,41.43,41.61,31.54,69.19,65.84,72.03,0
129,60.57,76.51,74.51,60.58,61.11,68.39,1
42,73.99,67.74,38.68,76.06,69.62,75.64,0
126,68.88,38.27,55.51,60.58,61.11,68.39,1
63,58.65,40.22,88.15,70.23,76.12,72.53,0
14,92.96,70.89,56.37,86.65,88.11,83.36,0
40,81.59,75.76,96.64,86.65,82.0,83.36,0
63,61.04,82.32,63.08,70.23,76.12,72.53,1
116,97.46,82.18,46.32,67.2,64.75,71.11,1
16,74.51,52.59,81.92,79.54,84.1,77.82,0
50,69.53,58.17,60.95,69.19,77.8,72.03,0
129,71.89,89.77,70.15,60.58,61.11,68.39,1
77,85.37,41.06,77.23,49.48,55.0,64.65,1
13,49.21,67.77,61.27,87.79,88.33,84.43,0
127,78.7,85.12,31.29,60.58,61.11,68.39,1
107,50.16,56.54,79.68,72.43,67.62,73.63,0
23,74.37,76.95,87.71,96.2,80.7,94.45,0
128,98.89,61.47,51.47,60.58,61.11,68.39,0
16,51.81,84.25,20.96,79.54,84.1,77.82,0
127,45.3,98.3,22.74,60.58,61.11,68.39,0
118,76.42,83.05,67.22,64.86,63.46,70.1,1
124,58.2,71.57,59.54,62.66,62.25,69.2,0
50,85.38,88.48,62.1,69.19,77.8,72.03,1
40,78.19,82.81,87.3,86.65,82.0,83.36,1
23,87.62,86.04,33.24,96.2,80.7,94.45,1
127,70.93,68.81,60.42,60.58,61.11,68.39,1
120,81.93,78.47,65.26,64.41,63.21,69.91,1
111,81.3,90.61,84.68,69.19,65.84,72.03,1
96,98.69,100.0,91.86,81.09,72.39,78.89,1
108,71.99,63.88,40.27,71.31,67.01,73.06,0
128,73.54,52.11,65.89,60.58,61.11,68.39,1
13,100.0,65.13,73.98,87.79,88.33,84.43,0
117,68.0,77.18,63.1,64.86,63.46,70.1,1
23,100.0,86.13,67.78,96.2,80.7,94.45,0
57,88.98,72.38,27.46,86.65,88.41,83.36,0
85,60.17,87.47,100.0,62.66,62.25,69.2,1
104,69.22,54.43,78.61,73.59,68.26,74.25,0
84,63.14,61.85,49.82,64.41,63.21,69.91,0
104,91.5,72.67,46.34,73.59,68.26,74.25,1
66,79.37,52.58,88.4,67.2,64.75,71.11,1
100,75.64,64.25,92.42,78.09,70.74,76.88,0
63,79.28,64.05,43.87,70.23,76.12,72.53,0
104,78.11,57.79,34.88,73.59,68.26,74.25,0
105,83.28,74.02,43.26,73.59,68.26,74.25,1
10,65.62,74.49,58.96,82.76,86.58,80.12,0
3,74.87,49.08,44.08,90.4,89.9,87.12,0
47,83.09,70.32,84.01,76.06,81.98,75.64,1
63,79.42,76.03,53.18,70.23,76.12,72.53,0
96,72.08,67.59,85.62,81.09,72.39,78.89,1
84,70.21,76.11,30.49,64.41,63.21,69.91,0
116,74.57,58.95,79.03,67.2,64.75,71.11,1
129,78.47,69.04,65.37,60.58,61.11,68.39,1
126,81.59,79.68,87.33,60.58,61.11,68.39,1
126,58.5,66.93,53.87,60.58,61.11,68.39,1
116,77.58,60.29,55.01,67.2,64.75,71.11,1
122,45.4,60.89,42.94,62.66,62.25,69.2,0
127,60.86,69.18,37.82,60.58,61.11,68.39,0
124,100.0,50.64,57.07,62.66,62.25,69.2,1
121,68.13,64.99,44.03,62.66,62.25,69.2,0
13,69.82,55.73,56.43,87.79,88.33,84.43,0
3,84.45,70.78,91.72,90.4,89.9,87.12,0
115,80.8,64.37,57.38,67.2,64.75,71.11,1
115,76.37,93.21,43.82,67.2,64.75,71.11,1
112,71.49,75.19,94.84,69.19,65.84,72.03,1
128,80.04,83.0,48.22,60.58,61.11,68.39,0
124,98.76,73.53,67.93,62.66,62.25,69.2,1
121,66.15,68.67,29.1,62.66,62.25,69.2,1
96,72.49,90.01,40.59,81.09,72.39,78.89,0
117,73.82,70.28,89.64,64.86,63.46,70.1,1
63,100.0,75.17,30.81,70.23,76.12,72.53,0
125,56.42,64.58,45.89,62.66,62.25,69.2,0
126,83.75,67.23,59.66,60.58,61.11,68.39,1
127,88.08,70.53,59.47,60.58,61.11,68.39,1
126,74.5,54.77,93.3,60.58,61.11,68.39,1
96,78.94,82.08,50.79,81.09,72.39,78.89,1
23,67.71,53.1,43.41,96.2,80.7,94.45,0
3,88.25,71.61,32.29,90.4,89.9,87.12,0
1,70.18,97.03,55.09,93.8,90.93,91.21,0
129,78.34,57.2,47.7,60.58,61.11,68.39,0
19,71.57,92.83,72.97,90.4,89.97,87.12,1
131,50.76,49.58,92.14,60.58,61.11,68.39,0
113,51.65,46.66,85.82,69.19,65.84,72.03,0
50,85.17,97.49,94.55,69.19,77.8,72.03,1
102,80.63,54.51,59.94,76.06,69.62,75.64,1
121,82.31,62.08,58.35,62.66,62.25,69.2,0
61,89.44,67.74,71.52,70.77,77.1,72.79,1
111,100.0,71.57,39.75,69.19,65.84,72.03,0
119,62.07,80.52,76.22,64.41,63.21,69.91,1
76,69.87,100.0,57.13,64.41,63.21,69.91,0
5,89.58,70.6,45.03,91.95,90.72,88.91,1
35,99.24,68.85,79.26,79.54,83.93,77.82,1
64,69.31,54.52,56.98,81.09,78.03,78.89,0
57,85.11,69.53,16.9,86.65,88.41,83.36,0
122,88.13,61.96,48.06,62.66,62.25,69.2,0
108,76.3,83.24,49.21,71.31,67.01,73.06,1
5,64.78,71.67,49.25,91.95,90.72,88.91,0
119,89.62,61.08,50.57,64.41,63.21,69.91,1
61,76.59,78.26,43.65,70.77,77.1,72.79,0
1,72.39,50.75,75.71,93.8,90.93,91.21,0
131,67.57,80.8,67.12,60.58,61.11,68.39,1
64,72.16,73.51,64.09,81.09,78.03,78.89,0
57,71.75,69.1,83.83,86.65,88.41,83.36,0
120,85.77,100.0,40.25,64.41,63.21,69.91,0
121,100.0,99.54,67.44,62.66,62.25,69.2,1
124,82.58,52.29,87.43,62.66,62.25,69.2,0
121,77.18,57.88,54.21,62.66,62.25,69.2,1
104,66.18,56.0,64.0,73.59,68.26,74.25,1
98,91.64,60.44,40.64,78.09,70.74,76.88,0
22,78.93,86.65,65.73,86.65,87.6,83.36,1
126,65.14,71.19,85.0,60.58,61.11,68.39,1
10,94.75,38.21,45.34,82.76,86.58,80.12,0
102,76.39,59.66,57.71,76.06,69.62,75.64,1
35,83.74,72.52,53.43,79.54,83.93,77.82,0
120,52.97,76.23,47.94,64.41,63.21,69.91,1
35,65.29,100.0,82.11,79.54,83.93,77.82,1
3,79.97,70.27,67.68,90.4,89.9,87.12,0
112,87.05,68.08,42.89,69.19,65.84,72.03,0
118,61.53,45.84,66.27,64.86,63.46,70.1,0
40,76.95,76.5,48.45,86.65,82.0,83.36,0
114,96.16,61.66,84.44,67.2,64.75,71.11,1
100,85.35,86.51,53.42,78.09,70.74,76.88,1
109,79.68,56.87,53.79,70.23,66.41,72.53,1
104,78.63,68.36,33.85,73.59,68.26,74.25,0
104,50.6,67.98,93.88,73.59,68.26,74.25,1
3,77.91,67.64,65.38,90.4,89.9,87.12,0
115,60.63,89.04,72.71,67.2,64.75,71.11,1
43,74.5,50.57,43.68,78.09,77.19,76.88,0
102,80.92,79.17,47.04,76.06,69.62,75.64,0
125,48.62,42.61,83.53,62.66,62.25,69.2,1
23,67.92,65.73,19.15,96.2,80.7,94.45,1
131,100.0,78.5,85.0,60.58,61.11,68.39,1
16,67.75,64.88,60.25,79.54,84.1,77.82,1
131,83.67,40.09,44.56,60.58,61.11,68.39,0
15,64.34,36.99,51.19,81.91,79.6,79.48,0
125,78.89,74.38,51.52,62.66,62.25,69.2,1
16,94.2,46.07,66.25,79.54,84.1,77.82,0
15,82.71,78.07,85.14,81.91,79.6,79.48,0
124,74.25,58.83,79.56,62.66,62.25,69.2,0
77,61.08,62.26,48.18,49.48,55.0,64.65,0
19,77.62,55.32,41.21,90.4,89.97,87.12,0
3,81.37,45.93,68.9,90.4,89.9,87.12,1
66,57.29,100.0,61.29,67.2,64.75,71.11,0
109,77.28,89.82,67.04,70.23,66.41,72.53,1
61,47.51,85.17,46.86,70.77,77.1,72.79,0
127,45.88,66.58,79.67,60.58,61.11,68.39,1
42,87.9,56.38,43.67,76.06,69.62,75.64,0
124,74.12,86.38,72.42,62.66,62.25,69.2,1
107,71.69,76.47,47.71,72.43,67.62,73.63,0
111,67.57,68.45,91.96,69.19,65.84,72.03,1
120,100.0,81.58,46.24,64.41,63.21,69.91,1
102,63.62,64.16,69.2,76.06,69.62,75.64,0
114,59.33,45.04,59.54,67.2,64.75,71.11,0
19,84.74,65.97,36.75,90.4,89.97,87.12,0
127,75.75,53.76,85.85,60.58,61.11,68.39,1
42,84.74,56.41,63.74,76.06,69.62,75.64,0
85,85.87,55.69,18.37,62.66,62.25,69.2,0
96,52.5,80.04,49.01,81.09,72.39,78.89,0
16,67.72,54.46,68.29,79.54,84.1,77.82,1
129,74.66,63.61,75.26,60.58,61.11,68.39,1
77,67.7,86.34,83.97,49.48,55.0,64.65,1
42,78.98,85.72,100.0,76.06,69.62,75.64,1
100,92.78,54.66,29.63,78.09,70.74,76.88,0
102,91.74,77.52,31.37,76.06,69.62,75.64,0
84,74.51,84.96,14.16,64.41,63.21,69.91,0
130,64.02,71.7,61.48,60.58,61.11,68.39,1
115,85.77,83.47,85.4,67.2,64.75,71.11,1
103,91.18,67.09,57.94,76.06,69.62,75.64,0
57,75.4,59.05,47.64,86.65,88.41,83.36,0
85,44.86,55.21,46.91,62.66,62.25,69.2,0
3,90.46,66.32,57.6,90.4,89.9,87.12,1
63,97.51,98.4,49.97,70.23,76.12,72.53,1
15,66.85,84.0,63.19,81.91,79.6,79.48,0
111,85.13,71.52,79.38,69.19,65.84,72.03,1
64,59.03,73.36,39.67,81.09,78.03,78.89,0
111,74.42,64.88,45.93,69.19,65.84,72.03,1
96,60.86,86.35,26.54,81.09,72.39,78.89,0
108,72.93,69.36,58.24,71.31,67.01,73.06,1
23,100.0,70.12,33.86,96.2,80.7,94.45,0
114,75.11,76.67,100.0,67.2,64.75,71.11,1
14,67.32,74.7,72.67,86.65,88.11,83.36,0
126,86.73,60.55,82.78,60.58,61.11,68.39,1
100,70.03,91.87,52.61,78.09,70.74,76.88,0
19,81.67,69.42,57.08,90.4,89.97,87.12,0
96,69.46,73.56,40.06,81.09,72.39,78.89,0
127,73.97,59.41,34.31,60.58,61.11,68.39,0
76,64.44,95.66,98.74,64.41,63.21,69.91,1
117,49.93,90.46,49.97,64.86,63.46,70.1,1
104,76.75,69.16,54.7,73.59,68.26,74.25,0
16,73.98,83.32,40.97,79.54,84.1,77.82,0
109,64.06,52.0,92.82,70.23,66.41,72.53,0
131,89.64,44.08,53.46,60.58,61.11,68.39,0
118,76.79,63.12,42.27,64.86,63.46,70.1,0
64,46.7,25.4,82.15,81.09,78.03,78.89,0
77,68.85,69.52,57.0,49.48,55.0,64.65,1
85,68.73,72.11,86.05,62.66,62.25,69.2,0
98,100.0,66.5,63.27,78.09,70.74,76.88,1
126,84.82,60.51,60.0,60.58,61.11,68.39,1
10,80.38,53.64,58.58,82.76,86.58,80.12,1
100,86.76,72.55,54.38,78.09,70.74,76.88,1
19,96.32,80.26,92.11,90.4,89.97,87.12,1
129,79.49,65.05,63.48,60.58,61.11,68.39,1
116,62.05,58.41,59.21,67.2,64.75,71.11,0
3,76.3,57.17,81.5,90.4,89.9,87.12,1
125,89.38,42.64,73.08,62.66,62.25,69.2,1
35,96.0,80.51,90.12,79.54,83.93,77.82,0
63,57.88,60.6,70.36,70.23,76.12,72.53,0
106,98.57,64.01,43.99,72.43,67.62,73.63,1
40,92.81,66.84,60.04,86.65,82.0,83.36,0
102,78.03,59.1,48.53,76.06,69.62,75.64,0
96,69.88,76.22,86.16,81.09,72.39,78.89,0
118,51.4,72.59,82.98,64.86,63.46,70.1,0
66,85.89,64.95,30.72,67.2,64.75,71.11,1
100,88.35,76.82,90.9,78.09,70.74,76.88,1
35,75.12,81.47,86.63,79.54,83.93,77.82,1
15,97.14,92.37,61.56,81.91,79.6,79.48,1
42,69.48,80.46,67.67,76.06,69.62,75.64,0
131,70.66,54.7,87.46,60.58,61.11,68.39,0
64,41.83,45.88,76.22,81.09,78.03,78.89,0
64,77.3,70.38,100.0,81.09,78.03,78.89,0
104,87.55,88.49,31.88,73.59,68.26,74.25,1
104,76.79,60.65,56.66,73.59,68.26,74.25,0
104,54.78,73.25,60.84,73.59,68.26,74.25,0
47,54.11,59.83,67.36,76.06,81.98,75.64,0
77,72.83,76.31,58.15,49.48,55.0,64.65,1
105,61.29,58.55,44.92,73.59,68.26,74.25,0
64,89.56,81.27,44.79,81.09,78.03,78.89,0
14,85.65,83.05,30.85,86.65,88.11,83.36,0
63,72.28,44.35,87.43,70.23,76.12,72.53,0
107,65.48,71.67,56.77,72.43,67.62,73.63,0
85,97.51,60.7,58.14,62.66,62.25,69.2,0
130,70.84,61.39,65.75,60.58,61.11,68.39,1
125,74.56,73.81,64.47,62.66,62.25,69.2,1
100,61.25,51.76,65.12,78.09,70.74,76.88,1
121,98.48,71.66,66.29,62.66,62.25,69.2,1
124,61.99,65.38,43.86,62.66,62.25,69.2,1
19,92.67,100.0,45.74,90.4,89.97,87.12,0
84,90.28,74.24,86.81,64.41,63.21,69.91,1
100,81.6,71.23,83.77,78.09,70.74,76.88,0
84,91.48,67.7,81.68,64.41,63.21,69.91,1
23,70.94,100.0,15.85,96.2,80.7,94.45,0
42,99.74,76.97,66.9,76.06,69.62,75.64,1
112,62.25,64.12,91.19,69.19,65.84,72.03,1
127,94.27,48.05,77.33,60.58,61.11,68.39,0
102,69.15,70.98,79.81,76.06,69.62,75.64,0
125,83.93,63.93,95.45,62.66,62.25,69.2,0
120,75.43,81.56,42.93,64.41,63.21,69.91,1
131,54.76,61.36,47.22,60.58,61.11,68.39,0
42,85.11,61.62,58.68,76.06,69.62,75.64,0
124,65.9,62.45,75.5,62.66,62.25,69.2,1
13,59.49,52.76,52.52,87.79,88.33,84.43,0
119,76.05,81.58,50.03,64.41,63.21,69.91,1
108,60.79,50.21,61.81,71.31,67.01,73.06,0
35,79.02,64.92,100.0,79.54,83.93,77.82,0
22,64.84,73.42,49.57,86.65,87.6,83.36,1
114,44.16,78.09,34.14,67.2,64.75,71.11,0
63,55.25,76.98,74.71,70.23,76.12,72.53,0
40,77.1,83.18,68.23,86.65,82.0,83.36,1
116,100.0,84.64,86.08,67.2,64.75,71.11,1
105,88.17,80.41,81.14,73.59,68.26,74.25,1
98,80.04,77.16,51.1,78.09,70.74,76.88,1
102,79.78,74.1,83.9,76.06,69.62,75.64,1
131,88.69,97.37,16.19,60.58,61.11,68.39,1
15,49.72,35.72,28.16,81.91,79.6,79.48,0
118,78.83,76.91,60.02,64.86,63.46,70.1,1
3,51.7,54.55,42.95,90.4,89.9,87.12,0
111,82.72,76.93,88.09,69.19,65.84,72.03,1
19,86.18,66.51,68.71,90.4,89.97,87.12,0
100,72.16,56.64,53.45,78.09,70.74,76.88,0
115,92.8,79.6,30.3,67.2,64.75,71.11,1
42,43.44,62.01,51.08,76.06,69.62,75.64,0
84,63.89,60.53,73.83,64.41,63.21,69.91,0
10,67.86,63.81,60.24,82.76,86.58,80.12,0
47,78.89,54.21,70.08,76.06,81.98,75.64,0
112,73.07,82.3,33.76,69.19,65.84,72.03,1
77,79.35,62.7,64.51,49.48,55.0,64.65,1
122,92.35,100.0,51.3,62.66,62.25,69.2,1
107,75.68,83.85,81.75,72.43,67.62,73.63,1
84,58.18,63.46,43.76,64.41,63.21,69.91,1
130,92.21,45.89,57.87,60.58,61.11,68.39,0
121,61.65,82.44,66.66,62.66,62.25,69.2,1
109,58.55,83.32,84.03,70.23,66.41,72.53,0
76,56.82,68.95,47.52,64.41,63.21,69.91,0
47,52.98,36.49,63.66,76.06,81.98,75.64,1
116,66.34,60.76,31.85,67.2,64.75,71.11,0
128,93.96,82.79,65.62,60.58,61.11,68.39,0
14,64.0,68.87,28.02,86.65,88.11,83.36,0
116,85.26,85.08,42.38,67.2,64.75,71.11,0
130,100.0,95.6,60.76,60.58,61.11,68.39,1
23,75.28,80.59,57.07,96.2,80.7,94.45,0
23,77.01,78.62,90.31,96.2,80.7,94.45,1
40,85.08,78.88,62.14,86.65,82.0,83.36,0
96,53.04,88.31,88.26,81.09,72.39,78.89,1
104,100.0,71.85,50.66,73.59,68.26,74.25,0
15,79.01,95.78,42.51,81.91,79.6,79.48,0
122,84.95,61.74,74.29,62.66,62.25,69.2,0
127,73.87,84.17,38.13,60.58,61.11,68.39,0
1,84.45,47.62,65.45,93.8,90.93,91.21,0
112,85.34,82.87,86.63,69.19,65.84,72.03,1
130,65.93,54.7,60.88,60.58,61.11,68.39,0
127,64.31,89.11,91.31,60.58,61.11,68.39,1
104,58.86,67.59,72.55,73.59,68.26,74.25,0
129,70.99,63.44,39.56,60.58,61.11,68.39,0
125,100.0,89.07,41.29,62.66,62.25,69.2,1
130,43.83,76.61,77.83,60.58,61.11,68.39,1
116,68.52,67.81,73.85,67.2,64.75,71.11,1
84,74.01,59.47,69.06,64.41,63.21,69.91,1
120,88.91,43.31,59.62,64.41,63.21,69.91,0
112,84.79,75.44,83.07,69.19,65.84,72.03,1
129,60.66,59.91,63.06,60.58,61.11,68.39,1
66,71.05,34.77,57.7,67.2,64.75,71.11,0
109,66.05,68.94,58.34,70.23,66.41,72.53,0
124,59.03,86.97,64.29,62.66,62.25,69.2,1
107,56.76,77.84,45.45,72.43,67.62,73.63,1
117,54.74,75.58,74.21,64.86,63.46,70.1,0
63,89.44,47.09,57.59,70.23,76.12,72.53,0
114,80.77,54.57,53.03,67.2,64.75,71.11,0
42,59.95,90.24,23.71,76.06,69.62,75.64,0
124,79.98,85.65,17.62,62.66,62.25,69.2,0
108,98.38,57.75,69.81,71.31,67.01,73.06,1
13,61.75,67.87,54.08,87.79,88.33,84.43,0
122,81.64,85.75,23.13,62.66,62.25,69.2,1
100,69.13,58.27,65.75,78.09,70.74,76.88,1
120,80.75,74.3,51.44,64.41,63.21,69.91,1
98,69.36,61.78,73.83,78.09,70.74,76.88,1
105,77.55,58.18,38.45,73.59,68.26,74.25,0
5,98.78,93.0,50.12,91.95,90.72,88.91,0
14,90.83,75.2,22.53,86.65,88.11,83.36,0
77,79.95,70.54,76.56,49.48,55.0,64.65,1
109,100.0,55.96,61.56,70.23,66.41,72.53,0
63,67.23,67.02,100.0,70.23,76.12,72.53,1
108,84.9,80.79,51.86,71.31,67.01,73.06,1
127,74.8,62.52,77.86,60.58,61.11,68.39,1
108,50.4,69.21,76.94,71.31,67.01,73.06,0
14,89.5,67.76,43.23,86.65,88.11,83.36,1
63,86.27,100.0,70.43,70.23,76.12,72.53,1
19,53.9,59.24,5.93,90.4,89.97,87.12,0
15,76.61,81.19,65.37,81.91,79.6,79.48,0
111,68.35,76.09,52.91,69.19,65.84,72.03,0
85,69.17,35.27,69.81,62.66,62.25,69.2,1
42,93.54,80.45,85.8,76.06,69.62,75.64,1
127,72.37,61.04,57.23,60.58,61.11,68.39,0
84,100.0,78.97,66.21,64.41,63.21,69.91,1
66,76.38,71.48,48.03,67.2,64.75,71.11,1
43,68.23,74.88,67.99,78.09,77.19,76.88,0
104,69.08,81.47,67.42,73.59,68.26,74.25,1
15,79.82,64.45,74.88,81.91,79.6,79.48,0
107,68.41,40.61,46.13,72.43,67.62,73.63,0
117,64.89,69.26,91.19,64.86,63.46,70.1,0
119,82.74,73.89,31.3,64.41,63.21,69.91,1
76,77.96,53.1,54.93,64.41,63.21,69.91,0
63,87.6,65.79,52.22,70.23,76.12,72.53,0
114,100.0,92.16,68.17,67.2,64.75,71.11,1
98,83.12,66.44,20.53,78.09,70.74,76.88,0
16,56.94,81.62,83.25,79.54,84.1,77.82,0
47,60.69,92.05,57.04,76.06,81.98,75.64,0
117,58.19,57.01,84.31,64.86,63.46,70.1,1
13,68.38,64.62,82.57,87.79,88.33,84.43,0
16,61.92,89.25,75.25,79.54,84.1,77.82,0
50,49.21,75.65,100.0,69.19,77.8,72.03,0
115,43.52,66.91,100.0,67.2,64.75,71.11,0
63,61.33,69.07,74.77,70.23,76.12,72.53,1
104,78.56,87.42,94.42,73.59,68.26,74.25,1
103,64.43,59.99,89.45,76.06,69.62,75.64,1
100,81.47,68.67,91.32,78.09,70.74,76.88,1
96,100.0,78.56,19.32,81.09,72.39,78.89,1
96,56.66,71.2,54.09,81.09,72.39,78.89,0
120,66.35,95.6,53.61,64.41,63.21,69.91,1
22,71.71,72.06,55.64,86.65,87.6,83.36,0
1,68.81,58.64,63.97,93.8,90.93,91.21,0
22,71.83,60.43,56.27,86.65,87.6,83.36,0
98,79.79,77.48,84.72,78.09,70.74,76.88,1
